nome,data,abertura,maior_valor,menor_valor,fechamento
bitcoin,2023-08-27,26043.0,26087.0,25991.0,26002.0
bitcoin,2023-08-31,26002.0,27999.0,25886.0,27297.0
bitcoin,2023-09-04,27303.0,27403.0,25438.0,25960.0
bitcoin,2023-09-08,25969.0,26401.0,25476.0,26192.0
bitcoin,2023-09-12,26215.0,26383.0,25006.0,25133.0
bitcoin,2023-09-16,25163.0,26834.0,25125.0,26635.0
bitcoin,2023-09-20,26610.0,27454.0,26417.0,27219.0
bitcoin,2023-09-24,27213.0,27373.0,26406.0,26574.0
bitcoin,2023-09-28,26571.0,26819.0,26023.0,26350.0
bitcoin,2023-10-02,26354.0,28042.0,26323.0,27968.0
bitcoin,2023-10-06,27988.0,28494.0,27265.0,27436.0
bitcoin,2023-10-10,27408.0,28179.0,27243.0,27594.0
bitcoin,2023-10-14,27585.0,27726.0,26570.0,26841.0
bitcoin,2023-10-18,26861.0,29483.0,26816.0,28418.0
bitcoin,2023-10-22,28414.0,30253.0,28188.0,29920.0
bitcoin,2023-10-26,29920.0,35066.0,29741.0,34472.0
bitcoin,2023-10-30,34498.0,34819.0,33450.0,34556.0
bitcoin,2023-11-03,34525.0,35878.0,34108.0,34924.0
bitcoin,2023-11-07,34937.0,35366.0,34123.0,35031.0
bitcoin,2023-11-11,35058.0,37936.0,34546.0,37344.0
bitcoin,2023-11-15,37319.0,37404.0,35110.0,35545.0
bitcoin,2023-11-19,35541.0,37904.0,35389.0,36582.0
bitcoin,2023-11-23,36588.0,37795.0,35788.0,37465.0
bitcoin,2023-11-27,37427.0,38349.0,36972.0,37492.0
bitcoin,2023-12-01,37472.0,38351.0,36770.0,37712.0
bitcoin,2023-12-05,37720.0,42403.0,37632.0,41974.0
bitcoin,2023-12-09,41985.0,44676.0,41453.0,44202.0
bitcoin,2023-12-13,44158.0,44346.0,40322.0,41451.0
bitcoin,2023-12-17,41459.0,43329.0,40712.0,42247.0
bitcoin,2023-12-21,42248.0,44201.0,40571.0,43634.0
bitcoin,2023-12-25,43660.0,44243.0,42895.0,43035.0
bitcoin,2023-12-29,42999.0,43789.0,41820.0,42601.0
bitcoin,2024-01-02,42591.0,44169.0,41574.0,44169.0
bitcoin,2024-01-06,44148.0,45870.0,41805.0,44114.0
bitcoin,2024-01-10,44165.0,47680.0,43248.0,46106.0
bitcoin,2024-01-14,46141.0,48888.0,41730.0,42848.0
bitcoin,2024-01-18,42823.0,43539.0,41747.0,42714.0
bitcoin,2024-01-22,42753.0,42883.0,40300.0,41542.0
bitcoin,2024-01-26,41546.0,41645.0,38520.0,39938.0
bitcoin,2024-01-30,39917.0,43287.0,39827.0,43268.0
bitcoin,2024-02-03,43286.0,43762.0,41883.0,43171.0
bitcoin,2024-02-07,43173.0,43520.0,42284.0,43088.0
bitcoin,2024-02-11,43078.0,48106.0,42759.0,47769.0
bitcoin,2024-02-15,47770.0,51937.0,47624.0,51790.0
bitcoin,2024-02-19,51821.0,52801.0,50675.0,52138.0
bitcoin,2024-02-23,52117.0,52902.0,50706.0,51320.0
bitcoin,2024-02-27,51295.0,54925.0,50598.0,54478.0
bitcoin,2024-03-02,54528.0,63637.0,54478.0,62427.0
bitcoin,2024-03-06,62418.0,68913.0,60861.0,64292.0
bitcoin,2024-03-10,63789.0,69428.0,62933.0,68508.0
bitcoin,2024-03-14,68484.0,73604.0,67785.0,73098.0
bitcoin,2024-03-18,73091.0,73738.0,64866.0,68425.0
bitcoin,2024-03-22,68425.0,68834.0,60914.0,65536.0
bitcoin,2024-03-26,65492.0,71007.0,62450.0,69939.0
bitcoin,2024-03-30,69946.0,71552.0,68490.0,69919.0
bitcoin,2024-04-03,69906.0,71344.0,64693.0,65440.0
bitcoin,2024-04-07,65450.0,69577.0,64673.0,69001.0
bitcoin,2024-04-11,68896.0,72632.0,67569.0,70528.0
bitcoin,2024-04-15,70602.0,71221.0,61514.0,65753.0
bitcoin,2024-04-19,65680.0,66798.0,60062.0,63462.0
bitcoin,2024-04-23,63517.0,67208.0,60022.0,66842.0
bitcoin,2024-04-27,66840.0,67166.0,62924.0,63802.0
bitcoin,2024-05-01,63752.0,64555.0,59131.0,60749.0
bitcoin,2024-05-05,60570.0,64349.0,56637.0,63820.0
bitcoin,2024-05-09,63917.0,65489.0,60842.0,61216.0
bitcoin,2024-05-13,61188.0,63458.0,60321.0,61507.0
bitcoin,2024-05-17,61484.0,66568.0,60777.0,65261.0
bitcoin,2024-05-21,65216.0,71619.0,65157.0,71430.0
bitcoin,2024-05-25,71464.0,71650.0,66666.0,68540.0
bitcoin,2024-05-29,68517.0,70602.0,67201.0,68317.0
bitcoin,2024-06-02,68302.0,69467.0,66722.0,67704.0
bitcoin,2024-06-06,67729.0,71741.0,67374.0,71185.0
bitcoin,2024-06-10,71054.0,71931.0,68856.0,69654.0
bitcoin,2024-06-14,69649.0,70127.0,66208.0,66700.0
bitcoin,2024-06-18,66746.0,67265.0,65019.0,66460.0
bitcoin,2024-06-22,66469.0,66529.0,63358.0,64072.0
bitcoin,2024-06-26,64121.0,64496.0,59086.0,61770.0
bitcoin,2024-06-30,61817.0,62378.0,60041.0,60864.0
bitcoin,2024-07-04,60890.0,63791.0,59427.0,60245.0
bitcoin,2024-07-08,60156.0,60407.0,53898.0,55880.0
bitcoin,2024-07-12,55843.0,59322.0,54321.0,57388.0
bitcoin,2024-07-16,57338.0,64835.0,56608.0,64835.0
bitcoin,2024-07-20,64834.0,67386.0,62602.0,66690.0
bitcoin,2024-07-24,66710.0,68480.0,65495.0,65942.0
bitcoin,2024-07-28,65908.0,69371.0,63515.0,68055.0
bitcoin,2024-08-01,67777.0,69908.0,64543.0,64680.0
bitcoin,2024-08-05,64587.0,65505.0,57399.0,58006.0
bitcoin,2024-08-09,58164.0,62491.0,49221.0,61859.0
bitcoin,2024-08-13,61570.0,61668.0,57815.0,59350.0
bitcoin,2024-08-17,59347.0,61540.0,56647.0,58882.0
bitcoin,2024-08-21,58873.0,61361.0,57918.0,59060.0
bitcoin,2024-08-25,59029.0,64828.0,58905.0,64157.0
ethereum,2023-08-27,1653.16,1654.31,1643.67,1645.9
ethereum,2023-08-31,1646.0,1741.29,1632.48,1705.11
ethereum,2023-09-04,1705.46,1717.87,1605.79,1635.4
ethereum,2023-09-08,1635.64,1659.1,1610.35,1646.31
ethereum,2023-09-12,1646.64,1653.45,1539.24,1549.89
ethereum,2023-09-16,1552.2,1652.73,1549.62,1641.93
ethereum,2023-09-20,1641.05,1667.95,1610.47,1643.7
ethereum,2023-09-24,1643.25,1650.19,1573.13,1593.18
ethereum,2023-09-28,1593.53,1631.64,1564.71,1597.42
ethereum,2023-10-02,1597.71,1735.33,1597.32,1733.82
ethereum,2023-10-06,1734.29,1740.08,1610.86,1612.99
ethereum,2023-10-10,1611.29,1657.82,1560.9,1580.18
ethereum,2023-10-14,1579.61,1594.82,1523.35,1550.97
ethereum,2023-10-18,1552.29,1630.06,1545.69,1565.06
ethereum,2023-10-22,1565.02,1640.09,1545.96,1629.3
ethereum,2023-10-26,1629.27,1851.67,1624.16,1785.56
ethereum,2023-10-30,1787.29,1861.11,1752.23,1798.17
ethereum,2023-11-03,1796.74,1873.12,1779.75,1800.91
ethereum,2023-11-07,1801.07,1913.15,1778.22,1898.52
ethereum,2023-11-11,1900.83,2132.75,1853.95,2078.85
ethereum,2023-11-15,2077.95,2113.61,1963.47,1980.52
ethereum,2023-11-19,1978.57,2079.65,1912.46,1962.63
ethereum,2023-11-23,1962.8,2088.04,1940.08,2065.94
ethereum,2023-11-27,2063.87,2130.84,2041.12,2064.07
ethereum,2023-12-01,2062.87,2076.14,1986.49,2051.76
ethereum,2023-12-05,2052.54,2271.34,2046.51,2242.96
ethereum,2023-12-09,2244.35,2385.1,2191.16,2359.89
ethereum,2023-12-13,2358.07,2399.12,2162.97,2200.33
ethereum,2023-12-17,2201.64,2331.32,2154.93,2227.94
ethereum,2023-12-21,2227.25,2258.55,2123.86,2198.42
ethereum,2023-12-25,2201.67,2342.01,2184.99,2264.91
ethereum,2023-12-29,2265.37,2442.31,2189.94,2345.26
ethereum,2024-01-02,2345.04,2382.04,2267.55,2350.03
ethereum,2024-01-06,2350.09,2434.45,2148.36,2267.09
ethereum,2024-01-10,2266.78,2362.86,2170.31,2341.16
ethereum,2024-01-14,2344.84,2698.43,2344.84,2575.92
ethereum,2024-01-18,2577.53,2609.51,2472.13,2528.33
ethereum,2024-01-22,2529.59,2546.28,2418.57,2454.91
ethereum,2024-01-26,2453.85,2462.26,2168.8,2219.61
ethereum,2024-01-30,2217.35,2318.14,2197.62,2314.59
ethereum,2024-02-03,2316.96,2385.34,2246.98,2307.43
ethereum,2024-02-07,2307.46,2386.18,2273.36,2372.76
ethereum,2024-02-11,2372.07,2522.34,2352.2,2499.49
ethereum,2024-02-15,2501.19,2785.55,2472.23,2780.37
ethereum,2024-02-19,2780.18,2894.2,2725.37,2874.95
ethereum,2024-02-23,2875.49,3028.6,2859.98,2974.13
ethereum,2024-02-27,2972.36,3204.18,2906.7,3173.63
ethereum,2024-03-02,3179.54,3514.33,3167.51,3431.75
ethereum,2024-03-06,3433.11,3817.25,3360.08,3581.53
ethereum,2024-03-10,3553.68,3998.19,3508.16,3916.04
ethereum,2024-03-14,3914.68,4085.78,3800.05,4007.91
ethereum,2024-03-18,4005.85,4009.15,3431.16,3643.28
ethereum,2024-03-22,3643.77,3643.77,3070.9,3493.43
ethereum,2024-03-26,3492.15,3645.49,3257.83,3588.49
ethereum,2024-03-30,3589.3,3682.96,3468.97,3516.1
ethereum,2024-04-03,3514.21,3657.66,3228.5,3274.9
ethereum,2024-04-07,3276.03,3436.89,3224.18,3362.84
ethereum,2024-04-11,3355.71,3722.31,3347.39,3539.76
ethereum,2024-04-15,3543.6,3611.83,2878.22,3157.68
ethereum,2024-04-19,3154.16,3266.62,2936.48,3064.91
ethereum,2024-04-23,3066.62,3232.07,2876.08,3199.77
ethereum,2024-04-27,3200.82,3289.86,3082.0,3131.42
ethereum,2024-05-01,3130.37,3345.29,2916.38,3018.55
ethereum,2024-05-05,3010.01,3164.81,2826.93,3115.02
ethereum,2024-05-09,3117.96,3221.25,2942.79,2975.73
ethereum,2024-05-13,2973.59,3058.61,2888.37,2931.31
ethereum,2024-05-17,2928.75,3040.59,2866.02,2943.59
ethereum,2024-05-21,2944.04,3698.97,2936.23,3656.39
ethereum,2024-05-25,3661.56,3937.9,3635.43,3727.07
ethereum,2024-05-29,3726.53,3968.15,3712.37,3840.69
ethereum,2024-06-02,3840.99,3875.64,3702.32,3813.45
ethereum,2024-06-06,3814.26,3884.76,3743.68,3871.08
ethereum,2024-06-10,3863.41,3876.45,3642.09,3705.9
ethereum,2024-06-14,3705.99,3706.86,3434.52,3465.32
ethereum,2024-06-18,3470.33,3645.9,3366.75,3510.36
ethereum,2024-06-22,3509.86,3620.96,3377.4,3516.88
ethereum,2024-06-26,3517.54,3518.22,3245.7,3395.3
ethereum,2024-06-30,3395.88,3483.6,3326.62,3371.28
ethereum,2024-07-04,3373.0,3514.17,3254.14,3295.81
ethereum,2024-07-08,3291.12,3309.13,2830.97,2928.6
ethereum,2024-07-12,2928.69,3195.14,2829.02,3102.09
ethereum,2024-07-16,3099.51,3493.82,3050.7,3488.54
ethereum,2024-07-20,3489.55,3538.41,3356.94,3505.22
ethereum,2024-07-24,3506.06,3560.21,3403.72,3482.98
ethereum,2024-07-28,3481.46,3484.66,3098.69,3254.61
ethereum,2024-08-01,3243.83,3395.72,3202.15,3233.08
ethereum,2024-08-05,3229.41,3240.67,2655.59,2682.44
ethereum,2024-08-09,2690.65,2709.43,2171.25,2685.01
ethereum,2024-08-13,2676.89,2737.53,2523.26,2726.78
ethereum,2024-08-17,2724.08,2760.82,2532.69,2592.25
ethereum,2024-08-21,2592.14,2697.94,2562.11,2575.64
ethereum,2024-08-25,2572.69,2817.84,2546.28,2767.84
tether,2023-08-27,0.99923,1.0,0.998576,0.999656
tether,2023-08-31,0.999387,1.004,0.986165,0.999715
tether,2023-09-04,1.0,1.006,0.996735,0.999607
tether,2023-09-08,0.999891,1.006,0.99552,0.999929
tether,2023-09-12,0.998816,1.002,0.994504,0.999701
tether,2023-09-16,1.0,1.004,0.994381,0.999895
tether,2023-09-20,0.999987,1.003,0.995445,0.999855
tether,2023-09-24,1.0,1.004,0.998075,1.0
tether,2023-09-28,1.0,1.003,0.996813,0.999394
tether,2023-10-02,0.999173,1.005,0.995481,0.999755
tether,2023-10-06,0.999857,1.003,0.997612,0.99977
tether,2023-10-10,0.99977,1.003,0.998257,1.0
tether,2023-10-14,1.0,1.002,0.997588,0.999721
tether,2023-10-18,0.999688,1.015,0.996227,1.0
tether,2023-10-22,1.0,1.005,0.99683,1.0
tether,2023-10-26,1.001,1.055,0.99386,1.001
tether,2023-10-30,1.001,1.004,0.994532,1.001
tether,2023-11-03,1.0,1.004,0.997885,0.999912
tether,2023-11-07,1.0,1.005,0.997585,1.001
tether,2023-11-11,1.0,1.007,0.992988,1.0
tether,2023-11-15,1.0,1.003,0.996109,1.0
tether,2023-11-19,1.0,1.01,0.99398,1.001
tether,2023-11-23,1.0,1.005,0.995896,1.001
tether,2023-11-27,0.99996,1.004,0.997859,1.0
tether,2023-12-01,1.0,1.003,0.997785,0.999617
tether,2023-12-05,1.0,1.006,0.994846,1.0
tether,2023-12-09,1.0,1.007,0.996412,1.001
tether,2023-12-13,1.001,1.004,0.992586,0.999058
tether,2023-12-17,0.99922,1.006,0.997101,0.999842
tether,2023-12-21,0.9996,1.004,0.992848,0.999983
tether,2023-12-25,1.001,1.004,0.996102,0.999609
tether,2023-12-29,0.999948,1.008,0.996116,1.0
tether,2024-01-02,1.0,1.004,0.996392,1.001
tether,2024-01-06,1.0,1.01,0.988917,1.001
tether,2024-01-10,1.001,1.011,0.989555,1.0
tether,2024-01-14,1.001,1.005,0.98976,1.001
tether,2024-01-18,1.0,1.004,0.995295,0.999528
tether,2024-01-22,0.999661,1.004,0.994895,0.999102
tether,2024-01-26,0.999347,1.003,0.99605,1.0
tether,2024-01-30,0.999359,1.004,0.99727,0.999945
tether,2024-02-03,1.0,1.002,0.99485,0.999755
tether,2024-02-07,0.999626,1.002,0.994816,0.999341
tether,2024-02-11,0.999491,1.005,0.996926,1.0
tether,2024-02-15,1.0,1.008,0.995356,1.0
tether,2024-02-19,1.001,1.005,0.996211,1.001
tether,2024-02-23,0.999947,1.004,0.993982,0.999726
tether,2024-02-27,0.999573,1.006,0.996354,1.0
tether,2024-03-02,1.001,1.01,0.986186,1.0
tether,2024-03-06,0.999943,1.007,0.989758,1.001
tether,2024-03-10,0.999565,1.008,0.991779,1.002
tether,2024-03-14,1.002,1.006,0.994512,1.0
tether,2024-03-18,1.0,1.008,0.987473,0.99983
tether,2024-03-22,0.999834,1.01,0.989403,1.0
tether,2024-03-26,0.999599,1.006,0.993364,0.999959
tether,2024-03-30,0.999359,1.005,0.994971,1.0
tether,2024-04-03,1.0,1.004,0.988621,1.001
tether,2024-04-07,1.0,1.007,0.993481,0.998835
tether,2024-04-11,0.99972,1.003,0.995748,1.0
tether,2024-04-15,1.001,1.006,0.990818,1.001
tether,2024-04-19,1.001,1.006,0.996702,1.0
tether,2024-04-23,1.001,1.005,0.995231,0.999956
tether,2024-04-27,1.0,1.002,0.995361,0.999696
tether,2024-05-01,0.999556,1.003,0.994201,0.998694
tether,2024-05-05,0.997448,1.003,0.994226,1.0
tether,2024-05-09,1.001,1.003,0.997384,0.99986
tether,2024-05-13,0.999833,1.003,0.995633,0.99928
tether,2024-05-17,0.999906,1.003,0.996814,0.999919
tether,2024-05-21,0.999634,1.006,0.996843,1.0
tether,2024-05-25,1.001,1.005,0.994819,0.999534
tether,2024-05-29,0.999604,1.002,0.993144,0.998849
tether,2024-06-02,0.998733,1.003,0.995852,0.999377
tether,2024-06-06,0.999496,1.004,0.996065,1.001
tether,2024-06-10,0.999911,1.002,0.992054,1.0
tether,2024-06-14,0.999958,1.006,0.992334,0.999079
tether,2024-06-18,0.999612,1.002,0.99624,0.99963
tether,2024-06-22,0.999949,1.003,0.99592,0.999555
tether,2024-06-26,0.999658,1.004,0.995464,0.999919
tether,2024-06-30,1.0,1.002,0.994482,0.998366
tether,2024-07-04,0.998476,1.002,0.994715,0.999139
tether,2024-07-08,0.998185,1.005,0.991422,0.999859
tether,2024-07-12,0.998805,1.008,0.994625,1.0
tether,2024-07-16,0.999845,1.008,0.997657,1.001
tether,2024-07-20,1.001,1.004,0.996601,1.0
tether,2024-07-24,1.001,1.005,0.99322,1.0
tether,2024-07-28,0.999941,1.005,0.995508,1.0
tether,2024-08-01,0.997409,1.003,0.995938,0.999927
tether,2024-08-05,0.999595,1.004,0.995558,0.998332
tether,2024-08-09,1.0,1.009,0.991565,1.001
tether,2024-08-13,0.998436,1.008,0.995086,1.0
tether,2024-08-17,1.0,1.004,0.994881,0.999803
tether,2024-08-21,1.0,1.005,0.997735,0.99993
tether,2024-08-25,0.999744,1.013,0.992321,1.001
binancecoin,2023-08-27,218.38,218.75,216.06,216.14
binancecoin,2023-08-31,216.25,232.21,215.7,223.73
binancecoin,2023-09-04,223.8,225.29,211.52,214.3
binancecoin,2023-09-08,214.34,217.72,212.55,216.71
binancecoin,2023-09-12,216.71,218.04,204.26,205.79
binancecoin,2023-09-16,206.08,214.85,205.07,214.1
binancecoin,2023-09-20,214.18,220.7,213.44,217.17
binancecoin,2023-09-24,217.12,217.68,209.5,210.46
binancecoin,2023-09-28,210.49,216.0,207.44,212.0
binancecoin,2023-10-02,211.97,219.48,211.41,217.96
binancecoin,2023-10-06,218.05,221.09,210.36,210.82
binancecoin,2023-10-10,210.61,214.4,203.82,205.69
binancecoin,2023-10-14,205.71,210.41,203.45,205.82
binancecoin,2023-10-18,205.99,217.59,205.72,211.62
binancecoin,2023-10-22,211.63,216.33,208.47,214.23
binancecoin,2023-10-26,214.28,236.45,213.9,221.94
binancecoin,2023-10-30,222.14,229.84,219.83,227.18
binancecoin,2023-11-03,227.06,232.9,222.67,231.83
binancecoin,2023-11-07,231.85,255.02,226.32,253.41
binancecoin,2023-11-11,254.69,257.78,242.79,250.93
binancecoin,2023-11-15,251.11,255.01,236.9,242.14
binancecoin,2023-11-19,242.23,255.59,239.03,244.83
binancecoin,2023-11-23,244.89,266.86,224.85,236.08
binancecoin,2023-11-27,236.1,238.52,229.16,232.07
binancecoin,2023-12-01,231.92,232.96,223.78,227.6
binancecoin,2023-12-05,227.62,235.57,226.45,233.29
binancecoin,2023-12-09,233.13,239.95,228.66,238.99
binancecoin,2023-12-13,238.82,256.73,230.23,254.95
binancecoin,2023-12-17,254.39,255.71,243.76,244.16
binancecoin,2023-12-21,244.33,261.69,232.47,260.26
binancecoin,2023-12-25,260.39,276.15,256.52,264.65
binancecoin,2023-12-29,264.33,336.95,262.26,323.37
binancecoin,2024-01-02,323.15,325.31,307.61,314.81
binancecoin,2024-01-06,314.45,332.71,301.09,317.14
binancecoin,2024-01-10,317.46,317.58,291.43,301.03
binancecoin,2024-01-14,301.22,317.66,288.64,302.19
binancecoin,2024-01-18,301.93,320.27,299.4,309.34
binancecoin,2024-01-22,309.32,321.31,305.47,318.63
binancecoin,2024-01-26,318.44,319.82,287.66,292.06
binancecoin,2024-01-30,291.87,310.82,291.0,310.75
binancecoin,2024-02-03,310.82,313.11,296.94,301.17
binancecoin,2024-02-07,301.1,307.32,298.17,302.8
binancecoin,2024-02-11,302.69,326.02,300.71,322.83
binancecoin,2024-02-15,323.01,334.49,315.62,333.85
binancecoin,2024-02-19,334.02,363.71,333.98,350.17
binancecoin,2024-02-23,349.88,386.05,346.12,382.14
binancecoin,2024-02-27,382.14,403.8,369.55,401.21
binancecoin,2024-03-02,401.66,427.62,390.49,407.35
binancecoin,2024-03-06,407.54,425.92,375.41,396.66
binancecoin,2024-03-10,393.69,491.7,385.73,490.14
binancecoin,2024-03-14,489.63,628.45,487.1,628.45
binancecoin,2024-03-18,627.71,638.6,548.6,572.03
binancecoin,2024-03-22,570.62,584.24,500.81,553.72
binancecoin,2024-03-26,553.0,599.37,535.82,586.43
binancecoin,2024-03-30,587.22,619.38,565.41,616.58
binancecoin,2024-04-03,615.31,615.31,547.77,550.86
binancecoin,2024-04-07,550.9,600.09,543.75,585.39
binancecoin,2024-04-11,586.21,612.54,573.2,609.12
binancecoin,2024-04-15,610.12,626.25,520.16,567.9
binancecoin,2024-04-19,566.78,584.7,517.23,551.58
binancecoin,2024-04-23,552.44,608.02,526.69,605.26
binancecoin,2024-04-27,604.93,618.03,593.12,597.88
binancecoin,2024-05-01,597.38,606.92,556.22,578.19
binancecoin,2024-05-05,577.4,593.3,535.71,585.71
binancecoin,2024-05-09,586.06,602.61,575.77,588.6
binancecoin,2024-05-13,588.44,603.71,581.81,594.05
binancecoin,2024-05-17,594.57,599.99,561.91,569.18
binancecoin,2024-05-21,568.85,604.4,568.85,600.78
binancecoin,2024-05-25,600.72,628.28,583.14,600.02
binancecoin,2024-05-29,600.22,613.77,593.55,601.03
binancecoin,2024-06-02,600.94,607.44,585.05,600.92
binancecoin,2024-06-06,601.41,710.86,595.72,699.92
binancecoin,2024-06-10,698.39,717.48,670.04,673.5
binancecoin,2024-06-14,673.17,674.24,593.21,599.16
binancecoin,2024-06-18,599.47,612.4,589.39,603.93
binancecoin,2024-06-22,604.01,607.52,575.78,585.86
binancecoin,2024-06-26,586.08,592.82,553.99,578.1
binancecoin,2024-06-30,578.32,584.94,564.6,569.04
binancecoin,2024-07-04,569.33,587.73,550.23,556.98
binancecoin,2024-07-08,556.22,556.81,456.67,489.9
binancecoin,2024-07-12,490.31,540.54,471.67,525.42
binancecoin,2024-07-16,524.95,587.08,518.1,586.5
binancecoin,2024-07-20,586.49,597.88,556.68,593.63
binancecoin,2024-07-24,593.71,605.5,578.25,582.45
binancecoin,2024-07-28,582.02,593.13,553.75,582.16
binancecoin,2024-08-01,580.21,596.88,567.39,576.72
binancecoin,2024-08-05,576.08,577.7,488.77,495.96
binancecoin,2024-08-09,496.91,523.21,404.51,517.02
binancecoin,2024-08-13,517.04,535.05,496.58,518.75
binancecoin,2024-08-17,518.57,533.85,510.22,519.72
binancecoin,2024-08-21,519.73,573.92,518.96,569.51
binancecoin,2024-08-25,569.1,598.3,546.91,580.91
solana,2023-08-27,20.4,20.4,20.21,20.27
solana,2023-08-31,20.27,21.94,20.12,20.84
solana,2023-09-04,20.82,20.98,19.09,19.58
solana,2023-09-08,19.57,20.52,19.08,19.89
solana,2023-09-12,19.89,20.19,17.42,17.71
solana,2023-09-16,17.73,19.4,17.59,19.17
solana,2023-09-20,19.16,20.35,18.64,20.04
solana,2023-09-24,20.03,20.48,19.21,19.47
solana,2023-09-28,19.48,19.7,18.79,19.13
solana,2023-10-02,19.12,24.35,19.11,23.88
solana,2023-10-06,23.88,24.64,22.63,22.72
solana,2023-10-10,22.69,23.99,21.9,22.11
solana,2023-10-14,22.1,22.44,21.05,21.83
solana,2023-10-18,21.84,24.51,21.68,23.97
solana,2023-10-22,23.95,30.13,23.28,29.36
solana,2023-10-26,29.37,33.61,28.21,32.41
solana,2023-10-30,32.43,33.18,30.79,32.82
solana,2023-11-03,32.82,45.31,32.43,40.15
solana,2023-11-07,40.18,42.77,38.16,42.09
solana,2023-11-11,42.13,57.32,40.41,56.67
solana,2023-11-15,56.66,63.44,51.9,56.85
solana,2023-11-19,56.84,68.0,54.6,58.44
solana,2023-11-23,58.52,61.96,51.75,57.64
solana,2023-11-27,57.54,59.64,56.29,57.66
solana,2023-12-01,57.64,61.56,53.82,59.18
solana,2023-12-05,59.23,65.38,58.78,61.55
solana,2023-12-09,61.55,74.99,59.33,74.84
solana,2023-12-13,74.94,77.36,66.04,68.53
solana,2023-12-17,68.51,79.21,64.36,73.39
solana,2023-12-21,73.55,83.83,67.4,82.1
solana,2023-12-25,81.91,117.07,81.5,112.45
solana,2023-12-29,112.72,124.98,97.97,102.25
solana,2024-01-02,101.99,109.44,99.85,109.44
solana,2024-01-06,109.56,116.78,93.68,99.8
solana,2024-01-10,99.94,103.69,85.71,98.75
solana,2024-01-14,99.41,106.95,88.48,95.63
solana,2024-01-18,95.67,102.21,93.28,101.5
solana,2024-01-22,101.81,102.73,88.11,91.16
solana,2024-01-26,90.99,91.58,79.09,86.98
solana,2024-01-30,86.9,101.69,86.15,101.42
solana,2024-02-03,101.59,106.17,93.46,100.47
solana,2024-02-07,100.48,101.0,93.36,96.92
solana,2024-02-11,96.85,110.46,94.76,108.99
solana,2024-02-15,109.08,118.41,103.73,116.98
solana,2024-02-19,116.96,118.29,106.07,112.22
solana,2024-02-23,112.19,114.7,100.6,102.04
solana,2024-02-27,101.93,110.37,98.57,109.85
solana,2024-03-02,109.95,137.1,105.88,130.05
solana,2024-03-06,129.96,142.01,117.52,126.39
solana,2024-03-10,125.56,152.37,120.57,144.82
solana,2024-03-14,144.74,165.3,138.21,163.63
solana,2024-03-18,163.81,203.25,160.83,202.52
solana,2024-03-22,201.81,208.6,164.3,179.55
solana,2024-03-26,179.38,194.54,168.27,189.0
solana,2024-03-30,189.09,196.29,180.44,192.03
solana,2024-04-03,192.02,203.69,176.76,181.44
solana,2024-04-07,181.37,191.63,169.34,178.96
solana,2024-04-11,178.81,184.78,163.95,173.12
solana,2024-04-15,173.37,176.08,124.21,151.55
solana,2024-04-19,151.02,155.9,126.94,142.13
solana,2024-04-23,142.2,158.34,128.9,156.99
solana,2024-04-27,157.03,159.86,139.01,139.26
solana,2024-05-01,139.16,144.58,121.45,127.04
solana,2024-05-05,126.7,148.85,119.38,146.11
solana,2024-05-09,146.26,158.95,140.38,142.52
solana,2024-05-13,142.13,155.39,140.83,143.59
solana,2024-05-17,143.52,164.03,138.08,159.15
solana,2024-05-21,159.1,187.94,159.1,186.32
solana,2024-05-25,186.53,188.17,163.16,167.77
solana,2024-05-29,167.68,172.49,161.03,168.75
solana,2024-06-02,168.67,173.27,163.65,165.96
solana,2024-06-06,166.02,175.45,161.31,173.77
solana,2024-06-10,173.4,174.23,156.91,162.06
solana,2024-06-14,162.14,162.78,145.9,147.23
solana,2024-06-18,147.24,151.5,140.22,143.2
solana,2024-06-22,143.25,143.45,129.25,134.51
solana,2024-06-26,134.57,139.53,123.42,136.51
solana,2024-06-30,136.59,150.33,135.16,139.87
solana,2024-07-04,139.99,154.65,137.12,140.72
solana,2024-07-08,140.57,143.97,121.6,131.85
solana,2024-07-12,131.45,145.59,128.33,136.07
solana,2024-07-16,135.81,159.92,134.2,159.92
solana,2024-07-20,159.62,171.2,153.01,169.22
solana,2024-07-24,169.21,184.69,167.53,173.03
solana,2024-07-28,172.77,188.18,166.04,184.67
solana,2024-08-01,183.53,193.76,171.9,171.97
solana,2024-08-05,171.75,172.58,132.02,137.56
solana,2024-08-09,138.36,163.05,110.46,163.05
solana,2024-08-13,162.98,162.98,141.25,146.52
solana,2024-08-17,146.39,151.28,136.5,139.12
solana,2024-08-21,138.97,148.67,137.81,142.52
solana,2024-08-25,142.28,162.14,139.07,160.64
usd-coin,2023-08-27,1.0,1.002,0.999143,1.0
usd-coin,2023-08-31,1.0,1.007,0.984177,0.999764
usd-coin,2023-09-04,1.0,1.004,0.993188,0.99977
usd-coin,2023-09-08,0.999617,1.007,0.99575,1.001
usd-coin,2023-09-12,1.0,1.003,0.997854,1.0
usd-coin,2023-09-16,1.001,1.003,0.992981,0.999124
usd-coin,2023-09-20,1.0,1.003,0.995397,0.999696
usd-coin,2023-09-24,0.999404,1.005,0.998026,0.99978
usd-coin,2023-09-28,0.999756,1.003,0.997546,1.0
usd-coin,2023-10-02,1.0,1.004,0.997994,1.001
usd-coin,2023-10-06,1.0,1.002,0.997063,1.0
usd-coin,2023-10-10,0.999735,1.002,0.995703,1.0
usd-coin,2023-10-14,0.999795,1.002,0.996774,1.0
usd-coin,2023-10-18,1.0,1.018,0.994664,0.99982
usd-coin,2023-10-22,0.999777,1.004,0.995862,1.001
usd-coin,2023-10-26,1.0,1.029,0.994569,1.0
usd-coin,2023-10-30,1.0,1.003,0.993222,1.002
usd-coin,2023-11-03,1.002,1.003,0.996817,1.001
usd-coin,2023-11-07,1.001,1.004,0.997085,0.99977
usd-coin,2023-11-11,1.0,1.009,0.99404,0.999752
usd-coin,2023-11-15,0.999857,1.002,0.996355,0.999471
usd-coin,2023-11-19,0.999952,1.012,0.996904,1.0
usd-coin,2023-11-23,1.0,1.005,0.99657,1.0
usd-coin,2023-11-27,0.999951,1.005,0.99665,0.999784
usd-coin,2023-12-01,0.999688,1.002,0.996971,1.0
usd-coin,2023-12-05,1.001,1.002,0.994355,1.001
usd-coin,2023-12-09,1.001,1.005,0.995607,1.001
usd-coin,2023-12-13,0.999564,1.004,0.994528,0.999507
usd-coin,2023-12-17,0.999606,1.006,0.995496,1.001
usd-coin,2023-12-21,1.001,1.004,0.996781,1.0
usd-coin,2023-12-25,1.0,1.005,0.997834,0.999055
usd-coin,2023-12-29,0.998326,1.003,0.995899,0.998521
usd-coin,2024-01-02,0.999807,1.005,0.995867,1.001
usd-coin,2024-01-06,1.001,1.009,0.987778,1.001
usd-coin,2024-01-10,1.0,1.01,0.979243,0.999725
usd-coin,2024-01-14,1.001,1.005,0.988261,1.001
usd-coin,2024-01-18,1.0,1.005,0.996365,1.0
usd-coin,2024-01-22,1.001,1.006,0.995694,1.0
usd-coin,2024-01-26,1.001,1.005,0.994899,1.001
usd-coin,2024-01-30,0.999786,1.003,0.996867,1.0
usd-coin,2024-02-03,1.001,1.004,0.994008,1.0
usd-coin,2024-02-07,1.0,1.003,0.996107,0.99997
usd-coin,2024-02-11,0.999987,1.004,0.994785,0.999763
usd-coin,2024-02-15,1.0,1.008,0.993964,0.998776
usd-coin,2024-02-19,0.999307,1.005,0.995506,1.001
usd-coin,2024-02-23,1.001,1.004,0.99343,1.001
usd-coin,2024-02-27,1.0,1.004,0.995943,0.999189
usd-coin,2024-03-02,1.0,1.014,0.972654,0.998544
usd-coin,2024-03-06,0.99899,1.007,0.990142,1.003
usd-coin,2024-03-10,0.997762,1.007,0.990739,1.0
usd-coin,2024-03-14,0.999987,1.006,0.992003,1.001
usd-coin,2024-03-18,0.999717,1.008,0.986495,1.001
usd-coin,2024-03-22,1.001,1.011,0.989963,1.001
usd-coin,2024-03-26,0.999701,1.008,0.99229,1.001
usd-coin,2024-03-30,0.999051,1.008,0.992732,0.999886
usd-coin,2024-04-03,0.999915,1.005,0.985416,0.999336
usd-coin,2024-04-07,0.999499,1.008,0.989567,0.997972
usd-coin,2024-04-11,1.001,1.008,0.991681,0.99957
usd-coin,2024-04-15,1.0,1.027,0.971922,1.0
usd-coin,2024-04-19,1.0,1.006,0.993055,0.99983
usd-coin,2024-04-23,1.0,1.007,0.991706,0.999724
usd-coin,2024-04-27,0.999797,1.003,0.9924,0.999969
usd-coin,2024-05-01,0.999815,1.004,0.992509,1.0
usd-coin,2024-05-05,0.998882,1.005,0.992396,0.999684
usd-coin,2024-05-09,1.0,1.005,0.996557,1.0
usd-coin,2024-05-13,0.999977,1.003,0.996123,1.0
usd-coin,2024-05-17,0.99978,1.006,0.996592,0.999706
usd-coin,2024-05-21,1.0,1.008,0.996757,1.0
usd-coin,2024-05-25,1.0,1.005,0.99259,0.999787
usd-coin,2024-05-29,0.999692,1.004,0.994899,0.99978
usd-coin,2024-06-02,0.999816,1.003,0.996,1.0
usd-coin,2024-06-06,1.0,1.003,0.995583,1.0
usd-coin,2024-06-10,0.999527,1.003,0.994674,1.0
usd-coin,2024-06-14,1.0,1.008,0.991259,0.999106
usd-coin,2024-06-18,0.999885,1.004,0.996411,1.0
usd-coin,2024-06-22,0.999794,1.003,0.991905,1.0
usd-coin,2024-06-26,1.0,1.005,0.993545,1.0
usd-coin,2024-06-30,1.0,1.003,0.996473,0.999667
usd-coin,2024-07-04,0.999957,1.008,0.994673,1.0
usd-coin,2024-07-08,0.999194,1.005,0.990863,0.999263
usd-coin,2024-07-12,0.999909,1.006,0.993757,1.001
usd-coin,2024-07-16,1.0,1.008,0.997088,1.001
usd-coin,2024-07-20,1.0,1.006,0.994089,0.999829
usd-coin,2024-07-24,0.999913,1.004,0.993041,0.999978
usd-coin,2024-07-28,0.999813,1.005,0.993041,0.999818
usd-coin,2024-08-01,0.998884,1.003,0.99487,1.0
usd-coin,2024-08-05,0.99982,1.004,0.995072,0.997406
usd-coin,2024-08-09,1.0,1.014,0.990123,1.001
usd-coin,2024-08-13,0.997453,1.008,0.990454,0.999975
usd-coin,2024-08-17,0.999696,1.003,0.991897,0.999504
usd-coin,2024-08-21,0.999666,1.005,0.997032,0.999645
usd-coin,2024-08-25,0.999817,1.011,0.992891,1.001
ripple,2023-08-27,0.525621,0.526794,0.51869,0.522909
ripple,2023-08-31,0.522872,0.543561,0.512178,0.527878
ripple,2023-09-04,0.528146,0.528299,0.488579,0.504536
ripple,2023-09-08,0.504655,0.512211,0.494249,0.504243
ripple,2023-09-12,0.50453,0.506477,0.46745,0.474376
ripple,2023-09-16,0.474353,0.504479,0.470285,0.500493
ripple,2023-09-20,0.500333,0.515914,0.489211,0.514144
ripple,2023-09-24,0.514103,0.524491,0.501851,0.507417
ripple,2023-09-28,0.507586,0.511224,0.492663,0.499229
ripple,2023-10-02,0.498995,0.545232,0.494922,0.524187
ripple,2023-10-06,0.524331,0.545414,0.507337,0.523552
ripple,2023-10-10,0.522955,0.529391,0.495754,0.502878
ripple,2023-10-14,0.50277,0.50277,0.475131,0.485469
ripple,2023-10-18,0.485499,0.508635,0.483548,0.491718
ripple,2023-10-22,0.491443,0.528622,0.477756,0.520815
ripple,2023-10-26,0.521265,0.581351,0.51558,0.55477
ripple,2023-10-30,0.555079,0.564656,0.539331,0.556464
ripple,2023-11-03,0.555981,0.624388,0.550231,0.606563
ripple,2023-11-07,0.605764,0.730452,0.593559,0.715502
ripple,2023-11-11,0.71541,0.71541,0.643686,0.659591
ripple,2023-11-15,0.660077,0.731914,0.609769,0.62958
ripple,2023-11-19,0.629353,0.65206,0.590497,0.61066
ripple,2023-11-23,0.610944,0.628902,0.580049,0.611724
ripple,2023-11-27,0.610911,0.63526,0.606757,0.616851
ripple,2023-12-01,0.61641,0.616604,0.596325,0.605819
ripple,2023-12-05,0.60626,0.641004,0.603757,0.624409
ripple,2023-12-09,0.62456,0.673823,0.609016,0.673742
ripple,2023-12-13,0.672956,0.697789,0.604183,0.619043
ripple,2023-12-17,0.617793,0.640712,0.598939,0.619688
ripple,2023-12-21,0.619807,0.62546,0.583778,0.616633
ripple,2023-12-25,0.617303,0.627038,0.608425,0.613348
ripple,2023-12-29,0.613047,0.653433,0.607591,0.634698
ripple,2024-01-02,0.634723,0.636285,0.609216,0.629683
ripple,2024-01-06,0.629703,0.638035,0.55317,0.575898
ripple,2024-01-10,0.576225,0.581288,0.546917,0.566418
ripple,2024-01-14,0.566796,0.623391,0.552565,0.574783
ripple,2024-01-18,0.57432,0.591864,0.565102,0.5679
ripple,2024-01-22,0.568113,0.568124,0.525712,0.546795
ripple,2024-01-26,0.546094,0.548571,0.497223,0.513786
ripple,2024-01-30,0.51337,0.539318,0.508835,0.535289
ripple,2024-02-03,0.535113,0.53896,0.490727,0.510067
ripple,2024-02-07,0.510172,0.52526,0.498629,0.50511
ripple,2024-02-11,0.505041,0.528122,0.499349,0.523815
ripple,2024-02-15,0.524031,0.541484,0.514927,0.538165
ripple,2024-02-19,0.538393,0.577546,0.538393,0.556999
ripple,2024-02-23,0.55673,0.575244,0.536251,0.54119
ripple,2024-02-27,0.541007,0.552924,0.527318,0.5513
ripple,2024-03-02,0.551684,0.619779,0.548009,0.601618
ripple,2024-03-06,0.600904,0.66606,0.567754,0.595283
ripple,2024-03-10,0.591335,0.639394,0.577101,0.622514
ripple,2024-03-14,0.621948,0.743962,0.593785,0.689655
ripple,2024-03-18,0.69013,0.700837,0.590933,0.619147
ripple,2024-03-22,0.618458,0.660451,0.56999,0.641329
ripple,2024-03-26,0.640449,0.656486,0.60132,0.640038
ripple,2024-03-30,0.640661,0.65415,0.605172,0.630585
ripple,2024-04-03,0.630599,0.634273,0.580592,0.585237
ripple,2024-04-07,0.585201,0.610718,0.56334,0.593399
ripple,2024-04-11,0.592956,0.63892,0.589537,0.617373
ripple,2024-04-15,0.617423,0.620618,0.435535,0.505139
ripple,2024-04-19,0.503445,0.518794,0.476631,0.50263
ripple,2024-04-23,0.502905,0.567661,0.469073,0.55608
ripple,2024-04-27,0.556388,0.557257,0.514311,0.525942
ripple,2024-05-01,0.525936,0.525936,0.491467,0.500178
ripple,2024-05-05,0.49949,0.539613,0.480281,0.530011
ripple,2024-05-09,0.530382,0.567124,0.515719,0.517824
ripple,2024-05-13,0.517292,0.523477,0.497898,0.499639
ripple,2024-05-17,0.499472,0.521214,0.488647,0.515796
ripple,2024-05-21,0.515498,0.538301,0.506847,0.537265
ripple,2024-05-25,0.537859,0.555011,0.510786,0.535092
ripple,2024-05-29,0.535622,0.542173,0.521384,0.52809
ripple,2024-06-02,0.528001,0.532253,0.512774,0.518039
ripple,2024-06-06,0.518181,0.530998,0.50782,0.526266
ripple,2024-06-10,0.525616,0.528102,0.476181,0.498548
ripple,2024-06-14,0.49871,0.505366,0.472405,0.476517
ripple,2024-06-18,0.477166,0.51858,0.464918,0.504435
ripple,2024-06-22,0.504558,0.507683,0.475581,0.488644
ripple,2024-06-26,0.488802,0.489327,0.463836,0.475527
ripple,2024-06-30,0.475682,0.480051,0.465627,0.471672
ripple,2024-07-04,0.471819,0.487895,0.462173,0.466831
ripple,2024-07-08,0.466329,0.469154,0.389383,0.419179
ripple,2024-07-12,0.419039,0.453222,0.404518,0.449315
ripple,2024-07-16,0.448939,0.561853,0.444677,0.537662
ripple,2024-07-20,0.537759,0.635541,0.534794,0.574156
ripple,2024-07-24,0.573711,0.622859,0.572404,0.598191
ripple,2024-07-28,0.597626,0.632761,0.585887,0.597772
ripple,2024-08-01,0.59479,0.657256,0.591902,0.624136
ripple,2024-08-05,0.622828,0.629576,0.516637,0.523
ripple,2024-08-09,0.523433,0.641512,0.435021,0.618025
ripple,2024-08-13,0.616841,0.622677,0.547984,0.568612
ripple,2024-08-17,0.568723,0.582855,0.552124,0.56395
ripple,2024-08-21,0.563867,0.613423,0.560646,0.594395
ripple,2024-08-25,0.593882,0.629542,0.587081,0.613939
staked-ether,2023-08-27,1653.03,1654.79,1643.44,1644.31
staked-ether,2023-08-31,1644.61,1740.19,1632.23,1703.72
staked-ether,2023-09-04,1703.9,1718.58,1605.14,1635.48
staked-ether,2023-09-08,1635.04,1657.57,1610.99,1644.35
staked-ether,2023-09-12,1645.88,1651.39,1540.54,1548.82
staked-ether,2023-09-16,1550.73,1650.67,1548.06,1641.96
staked-ether,2023-09-20,1641.18,1667.75,1611.44,1644.16
staked-ether,2023-09-24,1643.19,1648.81,1574.03,1592.31
staked-ether,2023-09-28,1592.36,1634.25,1566.66,1597.5
staked-ether,2023-10-02,1597.85,1737.72,1597.66,1736.27
staked-ether,2023-10-06,1736.81,1739.04,1611.11,1613.31
staked-ether,2023-10-10,1610.61,1658.63,1559.85,1578.44
staked-ether,2023-10-14,1578.1,1591.61,1522.49,1549.14
staked-ether,2023-10-18,1550.87,1648.0,1545.24,1563.07
staked-ether,2023-10-22,1563.03,1639.47,1545.65,1626.65
staked-ether,2023-10-26,1627.51,1848.99,1622.52,1783.88
staked-ether,2023-10-30,1784.72,1857.08,1751.71,1795.72
staked-ether,2023-11-03,1794.85,1869.73,1779.7,1799.96
staked-ether,2023-11-07,1800.51,1911.59,1778.61,1897.0
staked-ether,2023-11-11,1898.51,2131.23,1854.11,2076.23
staked-ether,2023-11-15,2075.31,2112.91,1953.81,1978.84
staked-ether,2023-11-19,1979.75,2072.61,1910.59,1961.36
staked-ether,2023-11-23,1960.9,2088.56,1934.0,2066.32
staked-ether,2023-11-27,2063.85,2127.19,2037.27,2064.5
staked-ether,2023-12-01,2064.05,2076.09,1988.93,2048.45
staked-ether,2023-12-05,2049.49,2271.61,2044.07,2240.52
staked-ether,2023-12-09,2236.49,2383.93,2192.14,2356.37
staked-ether,2023-12-13,2354.32,2395.94,2163.04,2201.25
staked-ether,2023-12-17,2199.54,2323.29,2152.63,2222.74
staked-ether,2023-12-21,2224.51,2255.02,2121.11,2191.11
staked-ether,2023-12-25,2191.06,2344.52,2181.51,2263.03
staked-ether,2023-12-29,2261.43,2438.35,2189.89,2347.63
staked-ether,2024-01-02,2346.18,2380.89,2266.32,2345.48
staked-ether,2024-01-06,2346.14,2430.58,2176.24,2264.36
staked-ether,2024-01-10,2266.0,2363.39,2172.44,2342.51
staked-ether,2024-01-14,2340.34,2703.98,2340.34,2580.77
staked-ether,2024-01-18,2574.12,2608.53,2470.37,2523.66
staked-ether,2024-01-22,2526.71,2540.03,2419.51,2451.98
staked-ether,2024-01-26,2455.7,2460.3,2170.94,2218.43
staked-ether,2024-01-30,2216.16,2317.75,2196.11,2312.27
staked-ether,2024-02-03,2313.94,2388.25,2245.64,2310.25
staked-ether,2024-02-07,2310.28,2387.19,2274.87,2373.9
staked-ether,2024-02-11,2373.77,2525.29,2355.24,2499.2
staked-ether,2024-02-15,2499.69,2784.86,2472.08,2778.15
staked-ether,2024-02-19,2778.03,2887.75,2723.91,2868.72
staked-ether,2024-02-23,2869.21,3023.34,2857.67,2974.37
staked-ether,2024-02-27,2967.64,3201.99,2905.19,3168.2
staked-ether,2024-03-02,3176.18,3510.85,3163.59,3426.93
staked-ether,2024-03-06,3427.51,3807.18,3356.07,3577.79
staked-ether,2024-03-10,3554.62,3988.13,3505.58,3911.86
staked-ether,2024-03-14,3910.59,4082.03,3788.21,4000.2
staked-ether,2024-03-18,4001.39,4003.52,3428.2,3647.21
staked-ether,2024-03-22,3638.47,3638.47,3069.92,3486.53
staked-ether,2024-03-26,3488.54,3633.27,3251.56,3582.37
staked-ether,2024-03-30,3583.23,3669.11,3462.74,3504.05
staked-ether,2024-04-03,3503.99,3639.9,3228.96,3267.9
staked-ether,2024-04-07,3270.76,3422.93,3217.48,3358.74
staked-ether,2024-04-11,3352.52,3712.08,3341.55,3535.22
staked-ether,2024-04-15,3539.46,3608.42,2851.68,3151.68
staked-ether,2024-04-19,3148.28,3258.84,2936.3,3063.01
staked-ether,2024-04-23,3061.16,3230.92,2874.76,3199.43
staked-ether,2024-04-27,3200.21,3288.59,3080.8,3129.26
staked-ether,2024-05-01,3127.14,3341.43,2930.67,3018.97
staked-ether,2024-05-05,3010.08,3159.96,2821.79,3113.72
staked-ether,2024-05-09,3116.87,3214.81,2942.29,2973.9
staked-ether,2024-05-13,2973.05,3049.92,2888.14,2930.35
staked-ether,2024-05-17,2929.42,3035.5,2865.01,2941.37
staked-ether,2024-05-21,2941.09,3686.67,2934.29,3652.34
staked-ether,2024-05-25,3668.1,3933.66,3630.38,3725.38
staked-ether,2024-05-29,3726.43,3962.75,3709.89,3839.23
staked-ether,2024-06-02,3837.73,3874.3,3702.04,3811.41
staked-ether,2024-06-06,3811.74,3881.11,3739.27,3866.79
staked-ether,2024-06-10,3862.78,3875.5,3608.02,3703.28
staked-ether,2024-06-14,3703.44,3703.44,3437.02,3466.13
staked-ether,2024-06-18,3471.53,3644.88,3366.33,3511.56
staked-ether,2024-06-22,3509.46,3618.57,3351.48,3515.31
staked-ether,2024-06-26,3516.24,3517.44,3243.26,3393.63
staked-ether,2024-06-30,3394.25,3480.71,3328.29,3370.53
staked-ether,2024-07-04,3371.99,3510.27,3255.96,3295.34
staked-ether,2024-07-08,3290.79,3307.57,2829.53,2928.11
staked-ether,2024-07-12,2924.58,3199.55,2827.14,3101.04
staked-ether,2024-07-16,3099.97,3495.89,3047.56,3491.61
staked-ether,2024-07-20,3493.76,3536.05,3355.38,3505.13
staked-ether,2024-07-24,3505.27,3558.77,3401.38,3483.31
staked-ether,2024-07-28,3479.16,3483.39,3091.55,3253.72
staked-ether,2024-08-01,3238.26,3395.92,3199.61,3232.01
staked-ether,2024-08-05,3230.79,3239.57,2680.59,2682.48
staked-ether,2024-08-09,2688.7,2710.57,2161.63,2685.03
staked-ether,2024-08-13,2681.27,2740.19,2521.74,2725.81
staked-ether,2024-08-17,2722.34,2760.56,2532.7,2592.69
staked-ether,2024-08-21,2591.99,2691.83,2565.09,2575.48
staked-ether,2024-08-25,2571.33,2813.3,2543.5,2766.34
the-open-network,2023-08-27,1.43,1.47,1.42,1.47
the-open-network,2023-08-31,1.46,1.77,1.46,1.72
the-open-network,2023-09-04,1.72,1.97,1.67,1.89
the-open-network,2023-09-08,1.89,1.94,1.72,1.8
the-open-network,2023-09-12,1.8,1.83,1.61,1.65
the-open-network,2023-09-16,1.65,2.25,1.65,2.1
the-open-network,2023-09-20,2.11,2.59,2.08,2.58
the-open-network,2023-09-24,2.57,2.57,2.28,2.3
the-open-network,2023-09-28,2.3,2.3,2.09,2.17
the-open-network,2023-10-02,2.16,2.3,2.06,2.13
the-open-network,2023-10-06,2.13,2.15,1.94,2.06
the-open-network,2023-10-10,2.05,2.17,1.95,1.98
the-open-network,2023-10-14,1.98,2.03,1.92,1.94
the-open-network,2023-10-18,1.93,2.1,1.91,2.1
the-open-network,2023-10-22,2.1,2.16,1.99,2.13
the-open-network,2023-10-26,2.12,2.29,2.11,2.13
the-open-network,2023-10-30,2.14,2.18,2.02,2.07
the-open-network,2023-11-03,2.07,2.28,2.06,2.23
the-open-network,2023-11-07,2.23,2.46,2.19,2.44
the-open-network,2023-11-11,2.44,2.77,2.37,2.46
the-open-network,2023-11-15,2.46,2.51,2.24,2.25
the-open-network,2023-11-19,2.25,2.48,2.23,2.37
the-open-network,2023-11-23,2.37,2.44,2.3,2.4
the-open-network,2023-11-27,2.4,2.46,2.31,2.39
the-open-network,2023-12-01,2.39,2.46,2.33,2.39
the-open-network,2023-12-05,2.39,2.46,2.28,2.39
the-open-network,2023-12-09,2.39,2.48,2.19,2.34
the-open-network,2023-12-13,2.33,2.4,1.97,2.06
the-open-network,2023-12-17,2.06,2.28,1.99,2.19
the-open-network,2023-12-21,2.18,2.23,2.03,2.2
the-open-network,2023-12-25,2.2,2.38,2.18,2.2
the-open-network,2023-12-29,2.2,2.25,2.12,2.19
the-open-network,2024-01-02,2.19,2.45,2.18,2.33
the-open-network,2024-01-06,2.33,2.46,1.99,2.08
the-open-network,2024-01-10,2.09,2.35,2.05,2.19
the-open-network,2024-01-14,2.19,2.3,2.09,2.11
the-open-network,2024-01-18,2.11,2.46,2.08,2.33
the-open-network,2024-01-22,2.33,2.35,2.16,2.22
the-open-network,2024-01-26,2.22,2.23,2.03,2.04
the-open-network,2024-01-30,2.04,2.13,2.04,2.11
the-open-network,2024-02-03,2.11,2.13,2.03,2.05
the-open-network,2024-02-07,2.05,2.07,2.02,2.05
the-open-network,2024-02-11,2.05,2.17,2.03,2.08
the-open-network,2024-02-15,2.08,2.25,2.08,2.22
the-open-network,2024-02-19,2.22,2.29,2.13,2.27
the-open-network,2024-02-23,2.27,2.29,2.07,2.09
the-open-network,2024-02-27,2.09,2.16,2.05,2.14
the-open-network,2024-03-02,2.14,2.86,2.11,2.71
the-open-network,2024-03-06,2.71,2.77,2.43,2.6
the-open-network,2024-03-10,2.59,2.9,2.56,2.87
the-open-network,2024-03-14,2.87,4.52,2.74,4.31
the-open-network,2024-03-18,4.32,4.34,3.36,3.87
the-open-network,2024-03-22,3.86,4.34,3.58,4.07
the-open-network,2024-03-26,4.06,5.69,4.04,5.36
the-open-network,2024-03-30,5.36,5.41,4.79,5.02
the-open-network,2024-04-03,5.02,5.49,4.86,4.86
the-open-network,2024-04-07,4.86,5.57,4.77,5.48
the-open-network,2024-04-11,5.48,7.06,5.33,6.77
the-open-network,2024-04-15,6.77,7.63,5.5,6.75
the-open-network,2024-04-19,6.76,7.21,5.83,6.51
the-open-network,2024-04-23,6.52,7.21,5.85,5.94
the-open-network,2024-04-27,5.93,6.05,5.15,5.34
the-open-network,2024-05-01,5.34,5.57,5.01,5.16
the-open-network,2024-05-05,5.16,5.82,4.61,5.74
the-open-network,2024-05-09,5.75,6.18,5.59,5.77
the-open-network,2024-05-13,5.77,7.16,5.77,6.95
the-open-network,2024-05-17,6.95,7.43,6.38,6.76
the-open-network,2024-05-21,6.77,6.77,6.21,6.55
the-open-network,2024-05-25,6.55,6.71,6.04,6.4
the-open-network,2024-05-29,6.39,6.5,6.24,6.47
the-open-network,2024-06-02,6.46,6.56,6.27,6.3
the-open-network,2024-06-06,6.29,7.76,6.28,7.21
the-open-network,2024-06-10,7.2,7.74,6.86,7.11
the-open-network,2024-06-14,7.11,7.74,6.76,7.74
the-open-network,2024-06-18,7.75,8.25,7.63,7.7
the-open-network,2024-06-22,7.7,7.7,6.8,7.1
the-open-network,2024-06-26,7.1,7.72,7.06,7.49
the-open-network,2024-06-30,7.49,7.84,7.39,7.58
the-open-network,2024-07-04,7.59,8.1,7.56,7.88
the-open-network,2024-07-08,7.87,7.9,6.4,7.05
the-open-network,2024-07-12,7.05,7.43,6.87,7.32
the-open-network,2024-07-16,7.32,7.66,7.22,7.64
the-open-network,2024-07-20,7.64,7.65,7.1,7.3
the-open-network,2024-07-24,7.31,7.37,6.81,6.86
the-open-network,2024-07-28,6.87,7.0,6.49,6.64
the-open-network,2024-08-01,6.63,6.87,6.52,6.76
the-open-network,2024-08-05,6.75,6.86,5.78,6.0
the-open-network,2024-08-09,6.02,6.41,4.86,6.25
the-open-network,2024-08-13,6.21,6.83,6.07,6.27
the-open-network,2024-08-17,6.27,7.22,6.2,6.55
the-open-network,2024-08-21,6.54,7.07,6.41,6.67
the-open-network,2024-08-25,6.66,6.86,5.57,5.93
dogecoin,2023-08-27,0.063067,0.063295,0.062652,0.062843
dogecoin,2023-08-31,0.062847,0.067997,0.062157,0.065846
dogecoin,2023-09-04,0.065872,0.066867,0.062655,0.063152
dogecoin,2023-09-08,0.063165,0.064509,0.062503,0.063549
dogecoin,2023-09-12,0.063563,0.063886,0.059416,0.060382
dogecoin,2023-09-16,0.06047,0.062916,0.060431,0.062506
dogecoin,2023-09-20,0.06252,0.063254,0.061099,0.062698
dogecoin,2023-09-24,0.062731,0.063327,0.060954,0.061518
dogecoin,2023-09-28,0.061532,0.061736,0.059956,0.060511
dogecoin,2023-10-02,0.060514,0.063575,0.060371,0.063218
dogecoin,2023-10-06,0.063194,0.063983,0.060465,0.060923
dogecoin,2023-10-10,0.060854,0.061702,0.058319,0.058724
dogecoin,2023-10-14,0.058717,0.059479,0.057398,0.058349
dogecoin,2023-10-18,0.058387,0.061695,0.058358,0.059124
dogecoin,2023-10-22,0.059113,0.061423,0.058003,0.061177
dogecoin,2023-10-26,0.061209,0.069519,0.060495,0.068287
dogecoin,2023-10-30,0.068337,0.074775,0.067536,0.069353
dogecoin,2023-11-03,0.069332,0.070735,0.066145,0.067882
dogecoin,2023-11-07,0.067919,0.076386,0.0666,0.076386
dogecoin,2023-11-11,0.076216,0.077551,0.070441,0.075326
dogecoin,2023-11-15,0.075468,0.081503,0.070275,0.072484
dogecoin,2023-11-19,0.072445,0.086978,0.072445,0.08019
dogecoin,2023-11-23,0.080239,0.08204,0.071649,0.075782
dogecoin,2023-11-27,0.075717,0.079087,0.075058,0.078565
dogecoin,2023-12-01,0.078725,0.084271,0.076923,0.083337
dogecoin,2023-12-05,0.08342,0.091906,0.082373,0.091712
dogecoin,2023-12-09,0.091897,0.105188,0.087661,0.101549
dogecoin,2023-12-13,0.101469,0.105113,0.091348,0.093753
dogecoin,2023-12-17,0.093753,0.098727,0.090472,0.096968
dogecoin,2023-12-21,0.097106,0.097537,0.087131,0.091367
dogecoin,2023-12-25,0.091493,0.097124,0.090827,0.091789
dogecoin,2023-12-29,0.091811,0.095166,0.089256,0.091807
dogecoin,2024-01-02,0.091797,0.092966,0.088825,0.092056
dogecoin,2024-01-06,0.091989,0.094371,0.080584,0.082674
dogecoin,2024-01-10,0.082744,0.082759,0.074845,0.079265
dogecoin,2024-01-14,0.07934,0.087278,0.077004,0.080995
dogecoin,2024-01-18,0.080929,0.083654,0.079781,0.080437
dogecoin,2024-01-22,0.080529,0.089959,0.075442,0.08532
dogecoin,2024-01-26,0.08528,0.085418,0.076099,0.077943
dogecoin,2024-01-30,0.077883,0.082749,0.077585,0.081597
dogecoin,2024-02-03,0.081377,0.082087,0.077836,0.079271
dogecoin,2024-02-07,0.079249,0.080128,0.077544,0.078445
dogecoin,2024-02-11,0.078429,0.082189,0.0782,0.081365
dogecoin,2024-02-15,0.081448,0.086946,0.079539,0.085478
dogecoin,2024-02-19,0.08556,0.087866,0.082298,0.085186
dogecoin,2024-02-23,0.0852,0.0907,0.082207,0.084168
dogecoin,2024-02-27,0.084123,0.089951,0.083118,0.089348
dogecoin,2024-03-02,0.089363,0.144399,0.088731,0.139025
dogecoin,2024-03-06,0.139329,0.204073,0.130333,0.155775
dogecoin,2024-03-10,0.153748,0.183867,0.147443,0.17961
dogecoin,2024-03-14,0.179394,0.182948,0.160858,0.169076
dogecoin,2024-03-18,0.169117,0.189362,0.138531,0.154131
dogecoin,2024-03-22,0.154198,0.157908,0.123794,0.155598
dogecoin,2024-03-26,0.155295,0.184748,0.145881,0.175062
dogecoin,2024-03-30,0.175184,0.225485,0.17496,0.213123
dogecoin,2024-04-03,0.213138,0.223288,0.18071,0.182535
dogecoin,2024-04-07,0.182547,0.187998,0.168704,0.185693
dogecoin,2024-04-11,0.185663,0.2083,0.182165,0.19961
dogecoin,2024-04-15,0.199803,0.202763,0.135795,0.1625
dogecoin,2024-04-19,0.161768,0.168454,0.141312,0.15196
dogecoin,2024-04-23,0.152235,0.165125,0.140188,0.161157
dogecoin,2024-04-27,0.161175,0.163683,0.147204,0.147829
dogecoin,2024-05-01,0.147881,0.15084,0.129823,0.133401
dogecoin,2024-05-05,0.133339,0.168473,0.120663,0.159955
dogecoin,2024-05-09,0.160199,0.16867,0.142144,0.143502
dogecoin,2024-05-13,0.143302,0.153748,0.140179,0.141158
dogecoin,2024-05-17,0.141273,0.159149,0.136311,0.149711
dogecoin,2024-05-21,0.149597,0.166131,0.14793,0.165235
dogecoin,2024-05-25,0.16582,0.173844,0.153648,0.163541
dogecoin,2024-05-29,0.163713,0.174079,0.161872,0.165015
dogecoin,2024-06-02,0.164945,0.170113,0.154968,0.160153
dogecoin,2024-06-06,0.160188,0.164601,0.15491,0.163508
dogecoin,2024-06-10,0.163227,0.164851,0.144198,0.146778
dogecoin,2024-06-14,0.14679,0.149972,0.134467,0.14099
dogecoin,2024-06-18,0.141085,0.143237,0.127433,0.128881
dogecoin,2024-06-22,0.128817,0.129017,0.117615,0.124026
dogecoin,2024-06-26,0.124092,0.128287,0.114665,0.126122
dogecoin,2024-06-30,0.126179,0.128494,0.1206,0.121634
dogecoin,2024-07-04,0.121705,0.127138,0.116997,0.118501
dogecoin,2024-07-08,0.118389,0.118925,0.093153,0.104007
dogecoin,2024-07-12,0.104046,0.112043,0.099065,0.106667
dogecoin,2024-07-16,0.106665,0.12523,0.105011,0.12523
dogecoin,2024-07-20,0.125184,0.127744,0.117658,0.125458
dogecoin,2024-07-24,0.125655,0.142278,0.124483,0.130555
dogecoin,2024-07-28,0.130301,0.138162,0.12045,0.132074
dogecoin,2024-08-01,0.131217,0.134867,0.12152,0.122077
dogecoin,2024-08-05,0.121905,0.122869,0.099734,0.103636
dogecoin,2024-08-09,0.103751,0.107444,0.081012,0.107444
dogecoin,2024-08-13,0.107316,0.110807,0.100027,0.107647
dogecoin,2024-08-17,0.107822,0.108791,0.097914,0.100332
dogecoin,2024-08-21,0.100341,0.10565,0.09873,0.103065
dogecoin,2024-08-25,0.102888,0.115188,0.102401,0.112663
